{
  "credit": "Made with Blockbench",
  "parent": "minecraft:block/furnace",
  "textures": {
    "4": "joshmorefoods:block/cooking_pot/cooking_pot_bottom",
    "5": "joshmorefoods:block/cooking_pot/cooking_pot_side",
    "6": "joshmorefoods:block/cooking_pot/cooking_pot_top",
    "7": "joshmorefoods:block/cooking_pot/lid_handle",
    "8": "joshmorefoods:block/cooking_pot/arm_handle",
    "9": "joshmorefoods:block/cooking_pot/cooking_pot_side_alt",
    "particle": "stone"
  },
  "elements": [
    {
      "name": "pot",
      "from": [
        0,
        0,
        0
      ],
      "to": [
        16,
        16,
        16
      ],
      "faces": {
        "north": {
          "uv": [
            0,
            0,
            16,
            16
          ],
          "texture": "#9"
        },
        "east": {
          "uv": [
            0,
            0,
            16,
            16
          ],
          "texture": "#9"
        },
        "south": {
          "uv": [
            0,
            0,
            16,
            16
          ],
          "texture": "#9"
        },
        "west": {
          "uv": [
            0,
            0,
            16,
            16
          ],
          "texture": "#9"
        },
        "up": {
          "uv": [
            0,
            0,
            16,
            16
          ],
          "texture": "#6"
        },
        "down": {
          "uv": [
            0,
            0,
            16,
            16
          ],
          "texture": "#4"
        }
      }
    },
    {
      "name": "left arm 2",
      "from": [
        -8,
        9.5,
        11
      ],
      "to": [
        -2,
        11.5,
        13
      ],
      "rotation": {
        "angle": -22.5,
        "axis": "z",
        "origin": [
          0,
          2,
          0
        ]
      },
      "faces": {
        "north": {
          "uv": [
            15,
            11,
            9,
            13
          ],
          "rotation": 180,
          "texture": "#5"
        },
        "east": {
          "uv": [
            7,
            13,
            5,
            11
          ],
          "rotation": 180,
          "texture": "#5"
        },
        "south": {
          "uv": [
            15,
            11,
            9,
            13
          ],
          "rotation": 180,
          "texture": "#5"
        },
        "west": {
          "uv": [
            2,
            5,
            4,
            7
          ],
          "rotation": 180,
          "texture": "#5"
        },
        "up": {
          "uv": [
            15,
            11,
            9,
            13
          ],
          "rotation": 180,
          "texture": "#5"
        },
        "down": {
          "uv": [
            15,
            11,
            9,
            13
          ],
          "rotation": 180,
          "texture": "#5"
        }
      }
    },
    {
      "name": "left arm 1",
      "from": [
        -8,
        9.5,
        3
      ],
      "to": [
        -2,
        11.5,
        5
      ],
      "rotation": {
        "angle": -22.5,
        "axis": "z",
        "origin": [
          0,
          2,
          0
        ]
      },
      "faces": {
        "north": {
          "uv": [
            15,
            11,
            9,
            13
          ],
          "rotation": 180,
          "texture": "#5"
        },
        "east": {
          "uv": [
            7,
            13,
            5,
            11
          ],
          "rotation": 180,
          "texture": "#5"
        },
        "south": {
          "uv": [
            15,
            11,
            9,
            13
          ],
          "rotation": 180,
          "texture": "#5"
        },
        "west": {
          "uv": [
            2,
            5,
            4,
            7
          ],
          "rotation": 180,
          "texture": "#5"
        },
        "up": {
          "uv": [
            15,
            11,
            9,
            13
          ],
          "rotation": 180,
          "texture": "#5"
        },
        "down": {
          "uv": [
            15,
            11,
            9,
            13
          ],
          "rotation": 180,
          "texture": "#5"
        }
      }
    },
    {
      "name": "right arm 2",
      "from": [
        17,
        3.5,
        11
      ],
      "to": [
        23,
        5.5,
        13
      ],
      "rotation": {
        "angle": 22.5,
        "axis": "z",
        "origin": [
          0,
          2,
          0
        ]
      },
      "faces": {
        "north": {
          "uv": [
            15,
            11,
            9,
            13
          ],
          "texture": "#5"
        },
        "east": {
          "uv": [
            2,
            5,
            4,
            7
          ],
          "texture": "#5"
        },
        "south": {
          "uv": [
            15,
            11,
            9,
            13
          ],
          "texture": "#5"
        },
        "west": {
          "uv": [
            7,
            13,
            5,
            11
          ],
          "texture": "#5"
        },
        "up": {
          "uv": [
            15,
            11,
            9,
            13
          ],
          "texture": "#5"
        },
        "down": {
          "uv": [
            15,
            11,
            9,
            13
          ],
          "texture": "#5"
        }
      }
    },
    {
      "name": "right arm 1",
      "from": [
        17,
        3.5,
        3
      ],
      "to": [
        23,
        5.5,
        5
      ],
      "rotation": {
        "angle": 22.5,
        "axis": "z",
        "origin": [
          0,
          2,
          0
        ]
      },
      "faces": {
        "north": {
          "uv": [
            15,
            11,
            9,
            13
          ],
          "texture": "#5"
        },
        "east": {
          "uv": [
            2,
            5,
            4,
            7
          ],
          "texture": "#5"
        },
        "south": {
          "uv": [
            15,
            11,
            9,
            13
          ],
          "texture": "#5"
        },
        "west": {
          "uv": [
            7,
            13,
            5,
            11
          ],
          "texture": "#5"
        },
        "up": {
          "uv": [
            15,
            11,
            9,
            13
          ],
          "texture": "#5"
        },
        "down": {
          "uv": [
            15,
            11,
            9,
            13
          ],
          "texture": "#5"
        }
      }
    },
    {
      "name": "right handle",
      "from": [
        20.75,
        3.5,
        5
      ],
      "to": [
        23.25,
        6,
        11
      ],
      "rotation": {
        "angle": 22.5,
        "axis": "z",
        "origin": [
          0,
          2,
          0
        ]
      },
      "faces": {
        "north": {
          "uv": [
            4,
            3,
            7,
            6
          ],
          "rotation": 180,
          "texture": "#8"
        },
        "east": {
          "uv": [
            1,
            0,
            4,
            6
          ],
          "rotation": 270,
          "texture": "#8"
        },
        "south": {
          "uv": [
            4,
            3,
            7,
            6
          ],
          "rotation": 180,
          "texture": "#8"
        },
        "west": {
          "uv": [
            1,
            0,
            4,
            6
          ],
          "rotation": 90,
          "texture": "#8"
        },
        "up": {
          "uv": [
            1,
            0,
            4,
            6
          ],
          "rotation": 180,
          "texture": "#8"
        },
        "down": {
          "uv": [
            1,
            0,
            4,
            6
          ],
          "rotation": 180,
          "texture": "#8"
        }
      }
    },
    {
      "name": "left handle",
      "from": [
        -8.25,
        9.5,
        5
      ],
      "to": [
        -5.75,
        12,
        11
      ],
      "rotation": {
        "angle": -22.5,
        "axis": "z",
        "origin": [
          0,
          2,
          0
        ]
      },
      "faces": {
        "north": {
          "uv": [
            4,
            3,
            7,
            6
          ],
          "rotation": 180,
          "texture": "#8"
        },
        "east": {
          "uv": [
            1,
            0,
            4,
            6
          ],
          "rotation": 270,
          "texture": "#8"
        },
        "south": {
          "uv": [
            4,
            3,
            7,
            6
          ],
          "rotation": 180,
          "texture": "#8"
        },
        "west": {
          "uv": [
            1,
            0,
            4,
            6
          ],
          "rotation": 90,
          "texture": "#8"
        },
        "up": {
          "uv": [
            1,
            0,
            4,
            6
          ],
          "rotation": 180,
          "texture": "#8"
        },
        "down": {
          "uv": [
            1,
            0,
            4,
            6
          ],
          "rotation": 180,
          "texture": "#8"
        }
      }
    },
    {
      "name": "lid handle",
      "from": [
        6,
        16,
        6
      ],
      "to": [
        10,
        18,
        10
      ],
      "faces": {
        "north": {
          "uv": [
            4,
            0,
            8,
            2
          ],
          "texture": "#7"
        },
        "east": {
          "uv": [
            4,
            2,
            8,
            4
          ],
          "texture": "#7"
        },
        "south": {
          "uv": [
            4,
            4,
            8,
            6
          ],
          "texture": "#7"
        },
        "west": {
          "uv": [
            4,
            6,
            8,
            8
          ],
          "texture": "#7"
        },
        "up": {
          "uv": [
            4,
            4,
            0,
            0
          ],
          "texture": "#7"
        },
        "down": {
          "uv": [
            4,
            4,
            0,
            8
          ],
          "texture": "#7"
        }
      }
    }
  ],
  "display": {
    "thirdperson_righthand": {
      "rotation": [
        75,
        45,
        0
      ],
      "translation": [
        0,
        2.5,
        0
      ],
      "scale": [
        0.37,
        0.37,
        0.37
      ]
    },
    "thirdperson_lefthand": {
      "rotation": [
        75,
        225,
        0
      ],
      "translation": [
        0,
        2.5,
        0
      ],
      "scale": [
        0.37,
        0.37,
        0.37
      ]
    },
    "firstperson_righthand": {
      "rotation": [
        0,
        135,
        0
      ],
      "scale": [
        0.37,
        0.37,
        0.37
      ]
    },
    "firstperson_lefthand": {
      "rotation": [
        0,
        315,
        0
      ],
      "scale": [
        0.37,
        0.37,
        0.37
      ]
    },
    "ground": {
      "translation": [
        0,
        2,
        0
      ],
      "scale": [
        0.25,
        0.25,
        0.25
      ]
    },
    "gui": {
      "rotation": [
        30,
        -135,
        0
      ],
      "translation": [
        0,
        0.5,
        0
      ],
      "scale": [
        0.63,
        0.63,
        0.63
      ]
    },
    "head": {
      "translation": [
        0,
        -43.22,
        0
      ],
      "scale": [
        1.602,
        1.602,
        1.602
      ]
    },
    "fixed": {
      "scale": [
        0.4,
        0.4,
        0.4
      ]
    }
  },
  "groups": [
    {
      "name": "dropper",
      "origin": [
        8,
        8,
        8
      ],
      "color": 0,
      "children": [
        0,
        1,
        2,
        3,
        4,
        5,
        6,
        7
      ]
    }
  ]
}
