{
  "providers": [
    {
      "type": "space",
      "advances": {
        " ": 4,
        "\uf902": -1
      }
    },
    {
      "type": "bitmap",
      "file": "jmmf:item/bread/carrot_bread.png",
      "ascent": 90,
      "height": 90,
      "chars": [
        "\uf901"
      ]
    },
    {
      "type": "bitmap",
      "file": "jmmf:item/nutritionbook.png",
      "ascent": 9,
      "height": 9,
      "chars": [
        "\uf923"
      ]
    },
    {
      "type": "bitmap",
      "file": "jmmf:cookbook/cooking_station_icon.png",
      "ascent": 8,
      "height": 9,
      "chars": [
        "\uf900"
      ]
    },
    {
      "type": "bitmap",
      "file": "jmmf:item/rice.png",
      "ascent": 9,
      "height": 9,
      "chars": [
        "\uf001"
      ]
    },
    {
      "type": "bitmap",
      "file": "jmmf:item/rice_bowl.png",
      "ascent": 9,
      "height": 9,
      "chars": [
        "\uf002"
      ]
    },
    {
      "type": "bitmap",
      "file": "jmmf:item/pie_crust.png",
      "ascent": 9,
      "height": 9,
      "chars": [
        "\uf003"
      ]
    },
    {
      "type": "bitmap",
      "file": "jmmf:item/teacup.png",
      "ascent": 9,
      "height": 9,
      "chars": [
        "\uf004"
      ]
    },
    {
      "type": "bitmap",
      "file": "jmmf:item/tea_leaves.png",
      "ascent": 9,
      "height": 9,
      "chars": [
        "\uf005"
      ]
    },
    {
      "type": "bitmap",
      "file": "jmmf:item/boiled_egg.png",
      "ascent": 9,
      "height": 9,
      "chars": [
        "\uf006"
      ]
    },
    {
      "type": "bitmap",
      "file": "jmmf:item/fried_egg.png",
      "ascent": 9,
      "height": 9,
      "chars": [
        "\uf007"
      ]
    },
    {
      "type": "bitmap",
      "file": "jmmf:item/red_rice.png",
      "ascent": 9,
      "height": 9,
      "chars": [
        "\uf008"
      ]
    },
    {
      "type": "bitmap",
      "file": "jmmf:item/red_rice_bowl.png",
      "ascent": 9,
      "height": 9,
      "chars": [
        "\uf009"
      ]
    },
    {
      "type": "bitmap",
      "file": "jmmf:item/black_tea_leaves.png",
      "ascent": 9,
      "height": 9,
      "chars": [
        "\uf010"
      ]
    },
    {
      "type": "bitmap",
      "file": "jmmf:item/knife/iron_knife.png",
      "ascent": 9,
      "height": 9,
      "chars": [
        "\uf053"
      ]
    },
    {
      "type": "bitmap",
      "file": "jmmf:item/bread/carrot_bread.png",
      "ascent": 9,
      "height": 9,
      "chars": [
        "\uf070"
      ]
    },
    {
      "type": "bitmap",
      "file": "jmmf:item/bread/beetroot_bread.png",
      "ascent": 9,
      "height": 9,
      "chars": [
        "\uf071"
      ]
    },
    {
      "type": "bitmap",
      "file": "jmmf:item/bread/potato_bread.png",
      "ascent": 9,
      "height": 9,
      "chars": [
        "\uf072"
      ]
    },
    {
      "type": "bitmap",
      "file": "jmmf:item/bread/sweet_roll.png",
      "ascent": 9,
      "height": 9,
      "chars": [
        "\uf073"
      ]
    },
    {
      "type": "bitmap",
      "file": "jmmf:item/bread/bagel.png",
      "ascent": 9,
      "height": 9,
      "chars": [
        "\uf074"
      ]
    },
    {
      "type": "bitmap",
      "file": "jmmf:item/cookie/honey_cookie.png",
      "ascent": 9,
      "height": 9,
      "chars": [
        "\uf100"
      ]
    },
    {
      "type": "bitmap",
      "file": "jmmf:item/cookie/sugar_cookie.png",
      "ascent": 9,
      "height": 9,
      "chars": [
        "\uf101"
      ]
    },
    {
      "type": "bitmap",
      "file": "jmmf:item/cookie/sweet_berry_cookie.png",
      "ascent": 9,
      "height": 9,
      "chars": [
        "\uf102"
      ]
    },
    {
      "type": "bitmap",
      "file": "jmmf:item/pie/apple_pie.png",
      "ascent": 9,
      "height": 9,
      "chars": [
        "\uf130"
      ]
    },
    {
      "type": "bitmap",
      "file": "jmmf:item/pie/carrot_pie.png",
      "ascent": 9,
      "height": 9,
      "chars": [
        "\uf131"
      ]
    },
    {
      "type": "bitmap",
      "file": "jmmf:item/pie/sweet_berry_pie.png",
      "ascent": 9,
      "height": 9,
      "chars": [
        "\uf132"
      ]
    },
    {
      "type": "bitmap",
      "file": "jmmf:item/pie/chicken_pot_pie.png",
      "ascent": 9,
      "height": 9,
      "chars": [
        "\uf133"
      ]
    },
    {
      "type": "bitmap",
      "file": "jmmf:item/pie/shepherds_pie.png",
      "ascent": 9,
      "height": 9,
      "chars": [
        "\uf134"
      ]
    },
    {
      "type": "bitmap",
      "file": "jmmf:item/pie/pork_pie.png",
      "ascent": 9,
      "height": 9,
      "chars": [
        "\uf135"
      ]
    },
    {
      "type": "bitmap",
      "file": "jmmf:item/pie/steak_pie.png",
      "ascent": 9,
      "height": 9,
      "chars": [
        "\uf136"
      ]
    },
    {
      "type": "bitmap",
      "file": "jmmf:item/salad/coleslaw.png",
      "ascent": 9,
      "height": 9,
      "chars": [
        "\uf160"
      ]
    },
    {
      "type": "bitmap",
      "file": "jmmf:item/salad/potato_salad.png",
      "ascent": 9,
      "height": 9,
      "chars": [
        "\uf161"
      ]
    },
    {
      "type": "bitmap",
      "file": "jmmf:item/salad/vegetable_salad.png",
      "ascent": 9,
      "height": 9,
      "chars": [
        "\uf162"
      ]
    },
    {
      "type": "bitmap",
      "file": "jmmf:item/salad/fleshy_salad.png",
      "ascent": 9,
      "height": 9,
      "chars": [
        "\uf163"
      ]
    },
    {
      "type": "bitmap",
      "file": "jmmf:item/salad/fruit_salad.png",
      "ascent": 9,
      "height": 9,
      "chars": [
        "\uf164"
      ]
    },
    {
      "type": "bitmap",
      "file": "jmmf:item/soup/rotten_stew.png",
      "ascent": 9,
      "height": 9,
      "chars": [
        "\uf190"
      ]
    },
    {
      "type": "bitmap",
      "file": "jmmf:item/soup/bone_broth.png",
      "ascent": 9,
      "height": 9,
      "chars": [
        "\uf191"
      ]
    },
    {
      "type": "bitmap",
      "file": "jmmf:item/soup/egg_drop_soup.png",
      "ascent": 9,
      "height": 9,
      "chars": [
        "\uf192"
      ]
    },
    {
      "type": "bitmap",
      "file": "jmmf:item/ice_cream/apple_ice_cream.png",
      "ascent": 9,
      "height": 9,
      "chars": [
        "\uf220"
      ]
    },
    {
      "type": "bitmap",
      "file": "jmmf:item/ice_cream/chocolate_ice_cream.png",
      "ascent": 9,
      "height": 9,
      "chars": [
        "\uf221"
      ]
    },
    {
      "type": "bitmap",
      "file": "jmmf:item/ice_cream/melon_ice_cream.png",
      "ascent": 9,
      "height": 9,
      "chars": [
        "\uf222"
      ]
    },
    {
      "type": "bitmap",
      "file": "jmmf:item/ice_cream/pumpkin_ice_cream.png",
      "ascent": 9,
      "height": 9,
      "chars": [
        "\uf223"
      ]
    },
    {
      "type": "bitmap",
      "file": "jmmf:item/fish_and_chips.png",
      "ascent": 9,
      "height": 9,
      "chars": [
        "\uf250"
      ]
    },
    {
      "type": "bitmap",
      "file": "jmmf:item/rice_meal/fried_rice.png",
      "ascent": 9,
      "height": 9,
      "chars": [
        "\uf300"
      ]
    },
    {
      "type": "bitmap",
      "file": "jmmf:item/rice_meal/champorado.png",
      "ascent": 9,
      "height": 9,
      "chars": [
        "\uf301"
      ]
    },
    {
      "type": "bitmap",
      "file": "jmmf:item/leche_flan.png",
      "ascent": 9,
      "height": 9,
      "chars": [
        "\uf251"
      ]
    },
    {
      "type": "bitmap",
      "file": "jmmf:item/doughnut/black_forest_doughnut.png",
      "ascent": 9,
      "height": 9,
      "chars": [
        "\uf330"
      ]
    },
    {
      "type": "bitmap",
      "file": "jmmf:item/doughnut/chocolate_doughnut.png",
      "ascent": 9,
      "height": 9,
      "chars": [
        "\uf331"
      ]
    },
    {
      "type": "bitmap",
      "file": "jmmf:item/doughnut/sugar_doughnut.png",
      "ascent": 9,
      "height": 9,
      "chars": [
        "\uf332"
      ]
    },
    {
      "type": "bitmap",
      "file": "jmmf:item/tea/sweet_berry_tea.png",
      "ascent": 9,
      "height": 9,
      "chars": [
        "\uf360"
      ]
    },
    {
      "type": "bitmap",
      "file": "jmmf:item/tea/cornflower_tea.png",
      "ascent": 9,
      "height": 9,
      "chars": [
        "\uf361"
      ]
    },
    {
      "type": "bitmap",
      "file": "jmmf:item/tea/dandelion_tea.png",
      "ascent": 9,
      "height": 9,
      "chars": [
        "\uf362"
      ]
    },
    {
      "type": "bitmap",
      "file": "jmmf:item/tea/green_tea.png",
      "ascent": 9,
      "height": 9,
      "chars": [
        "\uf363"
      ]
    },
    {
      "type": "bitmap",
      "file": "jmmf:item/tea/rose_tea.png",
      "ascent": 9,
      "height": 9,
      "chars": [
        "\uf364"
      ]
    },
    {
      "type": "bitmap",
      "file": "jmmf:item/tea/spruce_tea.png",
      "ascent": 9,
      "height": 9,
      "chars": [
        "\uf365"
      ]
    },
    {
      "type": "bitmap",
      "file": "jmmf:item/tea/sakura_tea.png",
      "ascent": 9,
      "height": 9,
      "chars": [
        "\uf366"
      ]
    },
    {
      "type": "bitmap",
      "file": "jmmf:item/tea/bamboo_tea.png",
      "ascent": 9,
      "height": 9,
      "chars": [
        "\uf367"
      ]
    },
    {
      "type": "bitmap",
      "file": "jmmf:item/tea/beetroot_tea.png",
      "ascent": 9,
      "height": 9,
      "chars": [
        "\uf368"
      ]
    },
    {
      "type": "bitmap",
      "file": "jmmf:item/tea/birch_tea.png",
      "ascent": 9,
      "height": 9,
      "chars": [
        "\uf369"
      ]
    },
    {
      "type": "bitmap",
      "file": "jmmf:item/tea/black_tea.png",
      "ascent": 9,
      "height": 9,
      "chars": [
        "\uf370"
      ]
    },
    {
      "type": "bitmap",
      "file": "jmmf:item/tea/chamomile_tea.png",
      "ascent": 9,
      "height": 9,
      "chars": [
        "\uf371"
      ]
    },
    {
      "type": "bitmap",
      "file": "jmmf:item/tea/sunflower_tea.png",
      "ascent": 9,
      "height": 9,
      "chars": [
        "\uf372"
      ]
    },
    {
      "type": "bitmap",
      "file": "jmmf:cookbook/nutritionbook.png",
      "ascent": 16,
      "height": 62,
      "chars": [
        "\ue923"
      ]
    },
    {
      "type": "bitmap",
      "file": "jmmf:cookbook/cooking_station.png",
      "ascent": 16,
      "height": 62,
      "chars": [
        "\ue900"
      ]
    },
    {
      "type": "bitmap",
      "file": "jmmf:cookbook/cooking_station_ui_1.png",
      "ascent": 7,
      "height": 45,
      "chars": [
        "\ue901"
      ]
    },
    {
      "type": "bitmap",
      "file": "jmmf:cookbook/cooking_station_ui_2.png",
      "ascent": 7,
      "height": 45,
      "chars": [
        "\ue902"
      ]
    },
    {
      "type": "bitmap",
      "file": "jmmf:cookbook/cooking_station_ui_3.png",
      "ascent": 7,
      "height": 45,
      "chars": [
        "\ue903"
      ]
    },
    {
      "type": "bitmap",
      "file": "jmmf:cookbook/cooking_station_ui_4.png",
      "ascent": 7,
      "height": 45,
      "chars": [
        "\ue904"
      ]
    },
    {
      "type": "bitmap",
      "file": "jmmf:cookbook/teas.png",
      "ascent": 7,
      "height": 86,
      "chars": [
        "\ue960"
      ]
    },
    {
      "type": "bitmap",
      "file": "jmmf:cookbook/black_teas.png",
      "ascent": 7,
      "height": 64,
      "chars": [
        "\ue961"
      ]
    },
    {
      "type": "bitmap",
      "file": "jmmf:cookbook/rice.png",
      "ascent": 7,
      "height": 45,
      "chars": [
        "\ue001"
      ]
    },
    {
      "type": "bitmap",
      "file": "jmmf:cookbook/rice_bowl.png",
      "ascent": 7,
      "height": 45,
      "chars": [
        "\ue002"
      ]
    },
    {
      "type": "bitmap",
      "file": "jmmf:cookbook/pie_crust.png",
      "ascent": 7,
      "height": 45,
      "chars": [
        "\ue003"
      ]
    },
    {
      "type": "bitmap",
      "file": "jmmf:cookbook/teacup.png",
      "ascent": 16,
      "height": 62,
      "chars": [
        "\ue004"
      ]
    },
    {
      "type": "bitmap",
      "file": "jmmf:cookbook/tea_leaves.png",
      "ascent": 11,
      "height": 36,
      "chars": [
        "\ue005"
      ]
    },
    {
      "type": "bitmap",
      "file": "jmmf:cookbook/boiled_egg.png",
      "ascent": 7,
      "height": 45,
      "chars": [
        "\ue006"
      ]
    },
    {
      "type": "bitmap",
      "file": "jmmf:cookbook/fried_egg.png",
      "ascent": 7,
      "height": 45,
      "chars": [
        "\ue007"
      ]
    },
    {
      "type": "bitmap",
      "file": "jmmf:cookbook/red_rice.png",
      "ascent": 7,
      "height": 45,
      "chars": [
        "\ue008"
      ]
    },
    {
      "type": "bitmap",
      "file": "jmmf:cookbook/red_rice_bowl.png",
      "ascent": 7,
      "height": 45,
      "chars": [
        "\ue009"
      ]
    },
    {
      "type": "bitmap",
      "file": "jmmf:cookbook/black_tea_leaves.png",
      "ascent": 6,
      "height": 49,
      "chars": [
        "\ue010"
      ]
    },
    {
      "type": "bitmap",
      "file": "jmmf:cookbook/iron_knife.png",
      "ascent": 16,
      "height": 62,
      "chars": [
        "\ue053"
      ]
    },
    {
      "type": "bitmap",
      "file": "jmmf:cookbook/carrot_bread.png",
      "ascent": 7,
      "height": 45,
      "chars": [
        "\ue070"
      ]
    },
    {
      "type": "bitmap",
      "file": "jmmf:cookbook/beetroot_bread.png",
      "ascent": 7,
      "height": 45,
      "chars": [
        "\ue071"
      ]
    },
    {
      "type": "bitmap",
      "file": "jmmf:cookbook/potato_bread.png",
      "ascent": 7,
      "height": 45,
      "chars": [
        "\ue072"
      ]
    },
    {
      "type": "bitmap",
      "file": "jmmf:cookbook/sweet_roll.png",
      "ascent": 7,
      "height": 45,
      "chars": [
        "\ue073"
      ]
    },
    {
      "type": "bitmap",
      "file": "jmmf:cookbook/bagel.png",
      "ascent": 7,
      "height": 45,
      "chars": [
        "\ue074"
      ]
    },
    {
      "type": "bitmap",
      "file": "jmmf:cookbook/honey_cookie.png",
      "ascent": 7,
      "height": 45,
      "chars": [
        "\ue100"
      ]
    },
    {
      "type": "bitmap",
      "file": "jmmf:cookbook/sugar_cookie.png",
      "ascent": 7,
      "height": 45,
      "chars": [
        "\ue101"
      ]
    },
    {
      "type": "bitmap",
      "file": "jmmf:cookbook/sweet_berry_cookie.png",
      "ascent": 7,
      "height": 45,
      "chars": [
        "\ue102"
      ]
    },
    {
      "type": "bitmap",
      "file": "jmmf:cookbook/apple_pie.png",
      "ascent": 7,
      "height": 45,
      "chars": [
        "\ue130"
      ]
    },
    {
      "type": "bitmap",
      "file": "jmmf:cookbook/carrot_pie.png",
      "ascent": 7,
      "height": 45,
      "chars": [
        "\ue131"
      ]
    },
    {
      "type": "bitmap",
      "file": "jmmf:cookbook/sweet_berry_pie.png",
      "ascent": 7,
      "height": 45,
      "chars": [
        "\ue132"
      ]
    },
    {
      "type": "bitmap",
      "file": "jmmf:cookbook/chicken_pot_pie.png",
      "ascent": 7,
      "height": 45,
      "chars": [
        "\ue133"
      ]
    },
    {
      "type": "bitmap",
      "file": "jmmf:cookbook/shepherds_pie.png",
      "ascent": 7,
      "height": 45,
      "chars": [
        "\ue134"
      ]
    },
    {
      "type": "bitmap",
      "file": "jmmf:cookbook/pork_pie.png",
      "ascent": 7,
      "height": 45,
      "chars": [
        "\ue135"
      ]
    },
    {
      "type": "bitmap",
      "file": "jmmf:cookbook/steak_pie.png",
      "ascent": 7,
      "height": 45,
      "chars": [
        "\ue136"
      ]
    },
    {
      "type": "bitmap",
      "file": "jmmf:cookbook/coleslaw.png",
      "ascent": 7,
      "height": 45,
      "chars": [
        "\ue160"
      ]
    },
    {
      "type": "bitmap",
      "file": "jmmf:cookbook/potato_salad.png",
      "ascent": 7,
      "height": 45,
      "chars": [
        "\ue161"
      ]
    },
    {
      "type": "bitmap",
      "file": "jmmf:cookbook/vegetable_salad.png",
      "ascent": 7,
      "height": 45,
      "chars": [
        "\ue162"
      ]
    },
    {
      "type": "bitmap",
      "file": "jmmf:cookbook/fleshy_salad.png",
      "ascent": 7,
      "height": 45,
      "chars": [
        "\ue163"
      ]
    },
    {
      "type": "bitmap",
      "file": "jmmf:cookbook/fruit_salad.png",
      "ascent": 7,
      "height": 45,
      "chars": [
        "\ue164"
      ]
    },
    {
      "type": "bitmap",
      "file": "jmmf:cookbook/rotten_stew.png",
      "ascent": 7,
      "height": 45,
      "chars": [
        "\ue190"
      ]
    },
    {
      "type": "bitmap",
      "file": "jmmf:cookbook/bone_broth.png",
      "ascent": 7,
      "height": 45,
      "chars": [
        "\ue191"
      ]
    },
    {
      "type": "bitmap",
      "file": "jmmf:cookbook/egg_drop_soup.png",
      "ascent": 7,
      "height": 45,
      "chars": [
        "\ue192"
      ]
    },
    {
      "type": "bitmap",
      "file": "jmmf:cookbook/apple_ice_cream.png",
      "ascent": 7,
      "height": 45,
      "chars": [
        "\ue220"
      ]
    },
    {
      "type": "bitmap",
      "file": "jmmf:cookbook/chocolate_ice_cream.png",
      "ascent": 7,
      "height": 45,
      "chars": [
        "\ue221"
      ]
    },
    {
      "type": "bitmap",
      "file": "jmmf:cookbook/melon_ice_cream.png",
      "ascent": 7,
      "height": 45,
      "chars": [
        "\ue222"
      ]
    },
    {
      "type": "bitmap",
      "file": "jmmf:cookbook/pumpkin_ice_cream.png",
      "ascent": 7,
      "height": 45,
      "chars": [
        "\ue223"
      ]
    },
    {
      "type": "bitmap",
      "file": "jmmf:cookbook/fish_and_chips.png",
      "ascent": 7,
      "height": 45,
      "chars": [
        "\ue250"
      ]
    },
    {
      "type": "bitmap",
      "file": "jmmf:cookbook/leche_flan.png",
      "ascent": 7,
      "height": 45,
      "chars": [
        "\ue251"
      ]
    },
    {
      "type": "bitmap",
      "file": "jmmf:cookbook/fried_rice.png",
      "ascent": 7,
      "height": 45,
      "chars": [
        "\ue300"
      ]
    },
    {
      "type": "bitmap",
      "file": "jmmf:cookbook/champorado.png",
      "ascent": 7,
      "height": 45,
      "chars": [
        "\ue301"
      ]
    },
    {
      "type": "bitmap",
      "file": "jmmf:cookbook/black_forest_doughnut.png",
      "ascent": 7,
      "height": 45,
      "chars": [
        "\ue330"
      ]
    },
    {
      "type": "bitmap",
      "file": "jmmf:cookbook/chocolate_doughnut.png",
      "ascent": 7,
      "height": 45,
      "chars": [
        "\ue331"
      ]
    },
    {
      "type": "bitmap",
      "file": "jmmf:cookbook/sugar_doughnut.png",
      "ascent": 7,
      "height": 45,
      "chars": [
        "\ue332"
      ]
    },
    {
      "type": "bitmap",
      "file": "jmmf:cookbook/sweet_berry_tea.png",
      "ascent": 7,
      "height": 45,
      "chars": [
        "\ue360"
      ]
    },
    {
      "type": "bitmap",
      "file": "jmmf:cookbook/cornflower_tea.png",
      "ascent": 7,
      "height": 45,
      "chars": [
        "\ue361"
      ]
    },
    {
      "type": "bitmap",
      "file": "jmmf:cookbook/dandelion_tea.png",
      "ascent": 7,
      "height": 45,
      "chars": [
        "\ue362"
      ]
    },
    {
      "type": "bitmap",
      "file": "jmmf:cookbook/green_tea.png",
      "ascent": 7,
      "height": 45,
      "chars": [
        "\ue363"
      ]
    },
    {
      "type": "bitmap",
      "file": "jmmf:cookbook/rose_tea.png",
      "ascent": 7,
      "height": 45,
      "chars": [
        "\ue364"
      ]
    },
    {
      "type": "bitmap",
      "file": "jmmf:cookbook/spruce_tea.png",
      "ascent": 7,
      "height": 45,
      "chars": [
        "\ue365\ue965"
      ]
    },
    {
      "type": "bitmap",
      "file": "jmmf:cookbook/sakura_tea.png",
      "ascent": 7,
      "height": 45,
      "chars": [
        "\ue366"
      ]
    },
    {
      "type": "bitmap",
      "file": "jmmf:cookbook/bamboo_tea.png",
      "ascent": 7,
      "height": 45,
      "chars": [
        "\ue367"
      ]
    },
    {
      "type": "bitmap",
      "file": "jmmf:cookbook/beetroot_tea.png",
      "ascent": 7,
      "height": 45,
      "chars": [
        "\ue368"
      ]
    },
    {
      "type": "bitmap",
      "file": "jmmf:cookbook/birch_tea.png",
      "ascent": 7,
      "height": 45,
      "chars": [
        "\ue369\ue969"
      ]
    },
    {
      "type": "bitmap",
      "file": "jmmf:cookbook/black_tea.png",
      "ascent": 7,
      "height": 45,
      "chars": [
        "\ue370"
      ]
    },
    {
      "type": "bitmap",
      "file": "jmmf:cookbook/chamomile_tea.png",
      "ascent": 7,
      "height": 45,
      "chars": [
        "\ue371"
      ]
    },
    {
      "type": "bitmap",
      "file": "jmmf:cookbook/sunflower_tea.png",
      "ascent": 7,
      "height": 45,
      "chars": [
        "\ue372"
      ]
    }
  ]
}
