{
  "streambeatsoriginalswhatiffeatfuslietwofivesixkbpscbrone": {
    "sounds": [
      {
        "name": "records/streambeatsoriginalswhatiffeatfuslietwofivesixkbpscbrone",
        "stream": true
      }
    ]
  },
  "cottagegrovetwofivesixkbpscbrunknownartisttwo": {
    "sounds": [
      {
        "name": "records/cottagegrovetwofivesixkbpscbrunknownartisttwo",
        "stream": true
      }
    ]
  },
  "vintagecrowntwofivesixkbpscbrunknownartistthree": {
    "sounds": [
      {
        "name": "records/vintagecrowntwofivesixkbpscbrunknownartistthree",
        "stream": true
      }
    ]
  },
  "retrofuturismtwofivesixkbpscbrunknownartistfour": {
    "sounds": [
      {
        "name": "records/retrofuturismtwofivesixkbpscbrunknownartistfour",
        "stream": true
      }
    ]
  },
  "joostkleineuropapalivenetherlandsnlsecondsemifinaleurovisiontwozerotwofourtwofivesixkbpscbrfive": {
    "sounds": [
      {
        "name": "records/joostkleineuropapalivenetherlandsnlsecondsemifinaleurovisiontwozerotwofourtwofivesixkbpscbrfive",
        "stream": true
      }
    ]
  }
}