[
  {
    "title": "StreamBeats Originals",
    "author": "What If feat. Fuslie ( 256kbps cbr )",
    "creeper-drop": true,
    "model-data": 1,
    "disc-namespace": "streambeatsoriginalswhatiffeatfuslietwofivesixkbpscbrone",
    "loot-tables": {},
    "fragment-loot-tables": {},
    "duration": 214,
    "lores": []
  },
  {
    "title": "Cottage Grove ( 256kbps cbr )",
    "author": "Unknown artist",
    "creeper-drop": true,
    "model-data": 2,
    "disc-namespace": "cottagegrovetwofivesixkbpscbrunknownartisttwo",
    "loot-tables": {},
    "fragment-loot-tables": {},
    "duration": 138,
    "lores": []
  },
  {
    "title": "Vintage Crown ( 256kbps cbr )",
    "author": "Unknown artist",
    "creeper-drop": true,
    "model-data": 3,
    "disc-namespace": "vintagecrowntwofivesixkbpscbrunknownartistthree",
    "loot-tables": {},
    "fragment-loot-tables": {},
    "duration": 136,
    "lores": []
  },
  {
    "title": "Retrofuturism ( 256kbps cbr )",
    "author": "Unknown artist",
    "creeper-drop": true,
    "model-data": 4,
    "disc-namespace": "retrofuturismtwofivesixkbpscbrunknownartistfour",
    "loot-tables": {},
    "fragment-loot-tables": {},
    "duration": 136,
    "lores": []
  },
  {
    "title": "Joost Klein",
    "author": "Europapa (LIVE) _ Netherlands _nl_ _ Second Semi - Final _ Eurovision 2024 ( 256kbps cbr )",
    "creeper-drop": true,
    "model-data": 5,
    "disc-namespace": "joostkleineuropapalivenetherlandsnlsecondsemifinaleurovisiontwozerotwofourtwofivesixkbpscbrfive",
    "loot-tables": {},
    "fragment-loot-tables": {},
    "duration": 207,
    "lores": []
  }
]