{
  "parent": "item/generated",
  "textures": {
    "layer0": "item/beetroot_soup"
  },
  "overrides": [
    {
      "predicate": {
        "custom_model_data": 481002
      },
      "model": "jmmf:item/rice_bowl"
    },
    {
      "predicate": {
        "custom_model_data": 481009
      },
      "model": "jmmf:item/red_rice_bowl"
    },
    {
      "predicate": {
        "custom_model_data": 481160
      },
      "model": "jmmf:item/salad/coleslaw"
    },
    {
      "predicate": {
        "custom_model_data": 481161
      },
      "model": "jmmf:item/salad/potato_salad"
    },
    {
      "predicate": {
        "custom_model_data": 481162
      },
      "model": "jmmf:item/salad/vegetable_salad"
    },
    {
      "predicate": {
        "custom_model_data": 481163
      },
      "model": "jmmf:item/salad/fleshy_salad"
    },
    {
      "predicate": {
        "custom_model_data": 481164
      },
      "model": "jmmf:item/salad/fruit_salad"
    },
    {
      "predicate": {
        "custom_model_data": 481191
      },
      "model": "jmmf:item/soup/bone_broth"
    },
    {
      "predicate": {
        "custom_model_data": 481192
      },
      "model": "jmmf:item/soup/egg_drop_soup"
    },
    {
      "predicate": {
        "custom_model_data": 481300
      },
      "model": "jmmf:item/rice_meal/fried_rice"
    },
    {
      "predicate": {
        "custom_model_data": 481301
      },
      "model": "jmmf:item/rice_meal/champorado"
    }
  ]
}
