{
  "parent": "item/generated",
  "textures": {
    "layer0": "item/bow"
  },
  "display": {
    "thirdperson_righthand": {
      "rotation": [
        -80,
        260,
        -40
      ],
      "translation": [
        -1,
        -2,
        2.5
      ],
      "scale": [
        0.9,
        0.9,
        0.9
      ]
    },
    "thirdperson_lefthand": {
      "rotation": [
        -80,
        -280,
        40
      ],
      "translation": [
        -1,
        -2,
        2.5
      ],
      "scale": [
        0.9,
        0.9,
        0.9
      ]
    },
    "firstperson_righthand": {
      "rotation": [
        0,
        -90,
        25
      ],
      "translation": [
        1.13,
        3.2,
        1.13
      ],
      "scale": [
        0.68,
        0.68,
        0.68
      ]
    },
    "firstperson_lefthand": {
      "rotation": [
        0,
        90,
        -25
      ],
      "translation": [
        1.13,
        3.2,
        1.13
      ],
      "scale": [
        0.68,
        0.68,
        0.68
      ]
    }
  },
  "overrides": [
    {
      "predicate": {
        "pulling": 1
      },
      "model": "minecraft:item/bow_pulling_0"
    },
    {
      "predicate": {
        "pulling": 1,
        "pull": 0.65
      },
      "model": "minecraft:item/bow_pulling_1"
    },
    {
      "predicate": {
        "pulling": 1,
        "pull": 0.9
      },
      "model": "minecraft:item/bow_pulling_2"
    },
    {
      "predicate": {
        "custom_model_data": 311001
      },
      "model": "tooltrims:item/trims/bow_linear_amethyst"
    },
    {
      "predicate": {
        "custom_model_data": 311001,
        "pulling": 1
      },
      "model": "tooltrims:item/trims/bow_pulling_0_linear_amethyst"
    },
    {
      "predicate": {
        "custom_model_data": 311001,
        "pulling": 1,
        "pull": 0.65
      },
      "model": "tooltrims:item/trims/bow_pulling_1_linear_amethyst"
    },
    {
      "predicate": {
        "custom_model_data": 311001,
        "pulling": 1,
        "pull": 0.9
      },
      "model": "tooltrims:item/trims/bow_pulling_2_linear_amethyst"
    },
    {
      "predicate": {
        "custom_model_data": 311002
      },
      "model": "tooltrims:item/trims/bow_linear_copper"
    },
    {
      "predicate": {
        "custom_model_data": 311002,
        "pulling": 1
      },
      "model": "tooltrims:item/trims/bow_pulling_0_linear_copper"
    },
    {
      "predicate": {
        "custom_model_data": 311002,
        "pulling": 1,
        "pull": 0.65
      },
      "model": "tooltrims:item/trims/bow_pulling_1_linear_copper"
    },
    {
      "predicate": {
        "custom_model_data": 311002,
        "pulling": 1,
        "pull": 0.9
      },
      "model": "tooltrims:item/trims/bow_pulling_2_linear_copper"
    },
    {
      "predicate": {
        "custom_model_data": 311003
      },
      "model": "tooltrims:item/trims/bow_linear_diamond"
    },
    {
      "predicate": {
        "custom_model_data": 311003,
        "pulling": 1
      },
      "model": "tooltrims:item/trims/bow_pulling_0_linear_diamond"
    },
    {
      "predicate": {
        "custom_model_data": 311003,
        "pulling": 1,
        "pull": 0.65
      },
      "model": "tooltrims:item/trims/bow_pulling_1_linear_diamond"
    },
    {
      "predicate": {
        "custom_model_data": 311003,
        "pulling": 1,
        "pull": 0.9
      },
      "model": "tooltrims:item/trims/bow_pulling_2_linear_diamond"
    },
    {
      "predicate": {
        "custom_model_data": 311004
      },
      "model": "tooltrims:item/trims/bow_linear_emerald"
    },
    {
      "predicate": {
        "custom_model_data": 311004,
        "pulling": 1
      },
      "model": "tooltrims:item/trims/bow_pulling_0_linear_emerald"
    },
    {
      "predicate": {
        "custom_model_data": 311004,
        "pulling": 1,
        "pull": 0.65
      },
      "model": "tooltrims:item/trims/bow_pulling_1_linear_emerald"
    },
    {
      "predicate": {
        "custom_model_data": 311004,
        "pulling": 1,
        "pull": 0.9
      },
      "model": "tooltrims:item/trims/bow_pulling_2_linear_emerald"
    },
    {
      "predicate": {
        "custom_model_data": 311005
      },
      "model": "tooltrims:item/trims/bow_linear_gold"
    },
    {
      "predicate": {
        "custom_model_data": 311005,
        "pulling": 1
      },
      "model": "tooltrims:item/trims/bow_pulling_0_linear_gold"
    },
    {
      "predicate": {
        "custom_model_data": 311005,
        "pulling": 1,
        "pull": 0.65
      },
      "model": "tooltrims:item/trims/bow_pulling_1_linear_gold"
    },
    {
      "predicate": {
        "custom_model_data": 311005,
        "pulling": 1,
        "pull": 0.9
      },
      "model": "tooltrims:item/trims/bow_pulling_2_linear_gold"
    },
    {
      "predicate": {
        "custom_model_data": 311006
      },
      "model": "tooltrims:item/trims/bow_linear_iron"
    },
    {
      "predicate": {
        "custom_model_data": 311006,
        "pulling": 1
      },
      "model": "tooltrims:item/trims/bow_pulling_0_linear_iron"
    },
    {
      "predicate": {
        "custom_model_data": 311006,
        "pulling": 1,
        "pull": 0.65
      },
      "model": "tooltrims:item/trims/bow_pulling_1_linear_iron"
    },
    {
      "predicate": {
        "custom_model_data": 311006,
        "pulling": 1,
        "pull": 0.9
      },
      "model": "tooltrims:item/trims/bow_pulling_2_linear_iron"
    },
    {
      "predicate": {
        "custom_model_data": 311007
      },
      "model": "tooltrims:item/trims/bow_linear_lapis"
    },
    {
      "predicate": {
        "custom_model_data": 311007,
        "pulling": 1
      },
      "model": "tooltrims:item/trims/bow_pulling_0_linear_lapis"
    },
    {
      "predicate": {
        "custom_model_data": 311007,
        "pulling": 1,
        "pull": 0.65
      },
      "model": "tooltrims:item/trims/bow_pulling_1_linear_lapis"
    },
    {
      "predicate": {
        "custom_model_data": 311007,
        "pulling": 1,
        "pull": 0.9
      },
      "model": "tooltrims:item/trims/bow_pulling_2_linear_lapis"
    },
    {
      "predicate": {
        "custom_model_data": 311008
      },
      "model": "tooltrims:item/trims/bow_linear_netherite"
    },
    {
      "predicate": {
        "custom_model_data": 311008,
        "pulling": 1
      },
      "model": "tooltrims:item/trims/bow_pulling_0_linear_netherite"
    },
    {
      "predicate": {
        "custom_model_data": 311008,
        "pulling": 1,
        "pull": 0.65
      },
      "model": "tooltrims:item/trims/bow_pulling_1_linear_netherite"
    },
    {
      "predicate": {
        "custom_model_data": 311008,
        "pulling": 1,
        "pull": 0.9
      },
      "model": "tooltrims:item/trims/bow_pulling_2_linear_netherite"
    },
    {
      "predicate": {
        "custom_model_data": 311009
      },
      "model": "tooltrims:item/trims/bow_linear_quartz"
    },
    {
      "predicate": {
        "custom_model_data": 311009,
        "pulling": 1
      },
      "model": "tooltrims:item/trims/bow_pulling_0_linear_quartz"
    },
    {
      "predicate": {
        "custom_model_data": 311009,
        "pulling": 1,
        "pull": 0.65
      },
      "model": "tooltrims:item/trims/bow_pulling_1_linear_quartz"
    },
    {
      "predicate": {
        "custom_model_data": 311009,
        "pulling": 1,
        "pull": 0.9
      },
      "model": "tooltrims:item/trims/bow_pulling_2_linear_quartz"
    },
    {
      "predicate": {
        "custom_model_data": 311010
      },
      "model": "tooltrims:item/trims/bow_linear_redstone"
    },
    {
      "predicate": {
        "custom_model_data": 311010,
        "pulling": 1
      },
      "model": "tooltrims:item/trims/bow_pulling_0_linear_redstone"
    },
    {
      "predicate": {
        "custom_model_data": 311010,
        "pulling": 1,
        "pull": 0.65
      },
      "model": "tooltrims:item/trims/bow_pulling_1_linear_redstone"
    },
    {
      "predicate": {
        "custom_model_data": 311010,
        "pulling": 1,
        "pull": 0.9
      },
      "model": "tooltrims:item/trims/bow_pulling_2_linear_redstone"
    },
    {
      "predicate": {
        "custom_model_data": 311011
      },
      "model": "tooltrims:item/trims/bow_tracks_amethyst"
    },
    {
      "predicate": {
        "custom_model_data": 311011,
        "pulling": 1
      },
      "model": "tooltrims:item/trims/bow_pulling_0_tracks_amethyst"
    },
    {
      "predicate": {
        "custom_model_data": 311011,
        "pulling": 1,
        "pull": 0.65
      },
      "model": "tooltrims:item/trims/bow_pulling_1_tracks_amethyst"
    },
    {
      "predicate": {
        "custom_model_data": 311011,
        "pulling": 1,
        "pull": 0.9
      },
      "model": "tooltrims:item/trims/bow_pulling_2_tracks_amethyst"
    },
    {
      "predicate": {
        "custom_model_data": 311012
      },
      "model": "tooltrims:item/trims/bow_tracks_copper"
    },
    {
      "predicate": {
        "custom_model_data": 311012,
        "pulling": 1
      },
      "model": "tooltrims:item/trims/bow_pulling_0_tracks_copper"
    },
    {
      "predicate": {
        "custom_model_data": 311012,
        "pulling": 1,
        "pull": 0.65
      },
      "model": "tooltrims:item/trims/bow_pulling_1_tracks_copper"
    },
    {
      "predicate": {
        "custom_model_data": 311012,
        "pulling": 1,
        "pull": 0.9
      },
      "model": "tooltrims:item/trims/bow_pulling_2_tracks_copper"
    },
    {
      "predicate": {
        "custom_model_data": 311013
      },
      "model": "tooltrims:item/trims/bow_tracks_diamond"
    },
    {
      "predicate": {
        "custom_model_data": 311013,
        "pulling": 1
      },
      "model": "tooltrims:item/trims/bow_pulling_0_tracks_diamond"
    },
    {
      "predicate": {
        "custom_model_data": 311013,
        "pulling": 1,
        "pull": 0.65
      },
      "model": "tooltrims:item/trims/bow_pulling_1_tracks_diamond"
    },
    {
      "predicate": {
        "custom_model_data": 311013,
        "pulling": 1,
        "pull": 0.9
      },
      "model": "tooltrims:item/trims/bow_pulling_2_tracks_diamond"
    },
    {
      "predicate": {
        "custom_model_data": 311014
      },
      "model": "tooltrims:item/trims/bow_tracks_emerald"
    },
    {
      "predicate": {
        "custom_model_data": 311014,
        "pulling": 1
      },
      "model": "tooltrims:item/trims/bow_pulling_0_tracks_emerald"
    },
    {
      "predicate": {
        "custom_model_data": 311014,
        "pulling": 1,
        "pull": 0.65
      },
      "model": "tooltrims:item/trims/bow_pulling_1_tracks_emerald"
    },
    {
      "predicate": {
        "custom_model_data": 311014,
        "pulling": 1,
        "pull": 0.9
      },
      "model": "tooltrims:item/trims/bow_pulling_2_tracks_emerald"
    },
    {
      "predicate": {
        "custom_model_data": 311015
      },
      "model": "tooltrims:item/trims/bow_tracks_gold"
    },
    {
      "predicate": {
        "custom_model_data": 311015,
        "pulling": 1
      },
      "model": "tooltrims:item/trims/bow_pulling_0_tracks_gold"
    },
    {
      "predicate": {
        "custom_model_data": 311015,
        "pulling": 1,
        "pull": 0.65
      },
      "model": "tooltrims:item/trims/bow_pulling_1_tracks_gold"
    },
    {
      "predicate": {
        "custom_model_data": 311015,
        "pulling": 1,
        "pull": 0.9
      },
      "model": "tooltrims:item/trims/bow_pulling_2_tracks_gold"
    },
    {
      "predicate": {
        "custom_model_data": 311016
      },
      "model": "tooltrims:item/trims/bow_tracks_iron"
    },
    {
      "predicate": {
        "custom_model_data": 311016,
        "pulling": 1
      },
      "model": "tooltrims:item/trims/bow_pulling_0_tracks_iron"
    },
    {
      "predicate": {
        "custom_model_data": 311016,
        "pulling": 1,
        "pull": 0.65
      },
      "model": "tooltrims:item/trims/bow_pulling_1_tracks_iron"
    },
    {
      "predicate": {
        "custom_model_data": 311016,
        "pulling": 1,
        "pull": 0.9
      },
      "model": "tooltrims:item/trims/bow_pulling_2_tracks_iron"
    },
    {
      "predicate": {
        "custom_model_data": 311017
      },
      "model": "tooltrims:item/trims/bow_tracks_lapis"
    },
    {
      "predicate": {
        "custom_model_data": 311017,
        "pulling": 1
      },
      "model": "tooltrims:item/trims/bow_pulling_0_tracks_lapis"
    },
    {
      "predicate": {
        "custom_model_data": 311017,
        "pulling": 1,
        "pull": 0.65
      },
      "model": "tooltrims:item/trims/bow_pulling_1_tracks_lapis"
    },
    {
      "predicate": {
        "custom_model_data": 311017,
        "pulling": 1,
        "pull": 0.9
      },
      "model": "tooltrims:item/trims/bow_pulling_2_tracks_lapis"
    },
    {
      "predicate": {
        "custom_model_data": 311018
      },
      "model": "tooltrims:item/trims/bow_tracks_netherite"
    },
    {
      "predicate": {
        "custom_model_data": 311018,
        "pulling": 1
      },
      "model": "tooltrims:item/trims/bow_pulling_0_tracks_netherite"
    },
    {
      "predicate": {
        "custom_model_data": 311018,
        "pulling": 1,
        "pull": 0.65
      },
      "model": "tooltrims:item/trims/bow_pulling_1_tracks_netherite"
    },
    {
      "predicate": {
        "custom_model_data": 311018,
        "pulling": 1,
        "pull": 0.9
      },
      "model": "tooltrims:item/trims/bow_pulling_2_tracks_netherite"
    },
    {
      "predicate": {
        "custom_model_data": 311019
      },
      "model": "tooltrims:item/trims/bow_tracks_quartz"
    },
    {
      "predicate": {
        "custom_model_data": 311019,
        "pulling": 1
      },
      "model": "tooltrims:item/trims/bow_pulling_0_tracks_quartz"
    },
    {
      "predicate": {
        "custom_model_data": 311019,
        "pulling": 1,
        "pull": 0.65
      },
      "model": "tooltrims:item/trims/bow_pulling_1_tracks_quartz"
    },
    {
      "predicate": {
        "custom_model_data": 311019,
        "pulling": 1,
        "pull": 0.9
      },
      "model": "tooltrims:item/trims/bow_pulling_2_tracks_quartz"
    },
    {
      "predicate": {
        "custom_model_data": 311020
      },
      "model": "tooltrims:item/trims/bow_tracks_redstone"
    },
    {
      "predicate": {
        "custom_model_data": 311020,
        "pulling": 1
      },
      "model": "tooltrims:item/trims/bow_pulling_0_tracks_redstone"
    },
    {
      "predicate": {
        "custom_model_data": 311020,
        "pulling": 1,
        "pull": 0.65
      },
      "model": "tooltrims:item/trims/bow_pulling_1_tracks_redstone"
    },
    {
      "predicate": {
        "custom_model_data": 311020,
        "pulling": 1,
        "pull": 0.9
      },
      "model": "tooltrims:item/trims/bow_pulling_2_tracks_redstone"
    },
    {
      "predicate": {
        "custom_model_data": 311021
      },
      "model": "tooltrims:item/trims/bow_charge_amethyst"
    },
    {
      "predicate": {
        "custom_model_data": 311021,
        "pulling": 1
      },
      "model": "tooltrims:item/trims/bow_pulling_0_charge_amethyst"
    },
    {
      "predicate": {
        "custom_model_data": 311021,
        "pulling": 1,
        "pull": 0.65
      },
      "model": "tooltrims:item/trims/bow_pulling_1_charge_amethyst"
    },
    {
      "predicate": {
        "custom_model_data": 311021,
        "pulling": 1,
        "pull": 0.9
      },
      "model": "tooltrims:item/trims/bow_pulling_2_charge_amethyst"
    },
    {
      "predicate": {
        "custom_model_data": 311022
      },
      "model": "tooltrims:item/trims/bow_charge_copper"
    },
    {
      "predicate": {
        "custom_model_data": 311022,
        "pulling": 1
      },
      "model": "tooltrims:item/trims/bow_pulling_0_charge_copper"
    },
    {
      "predicate": {
        "custom_model_data": 311022,
        "pulling": 1,
        "pull": 0.65
      },
      "model": "tooltrims:item/trims/bow_pulling_1_charge_copper"
    },
    {
      "predicate": {
        "custom_model_data": 311022,
        "pulling": 1,
        "pull": 0.9
      },
      "model": "tooltrims:item/trims/bow_pulling_2_charge_copper"
    },
    {
      "predicate": {
        "custom_model_data": 311023
      },
      "model": "tooltrims:item/trims/bow_charge_diamond"
    },
    {
      "predicate": {
        "custom_model_data": 311023,
        "pulling": 1
      },
      "model": "tooltrims:item/trims/bow_pulling_0_charge_diamond"
    },
    {
      "predicate": {
        "custom_model_data": 311023,
        "pulling": 1,
        "pull": 0.65
      },
      "model": "tooltrims:item/trims/bow_pulling_1_charge_diamond"
    },
    {
      "predicate": {
        "custom_model_data": 311023,
        "pulling": 1,
        "pull": 0.9
      },
      "model": "tooltrims:item/trims/bow_pulling_2_charge_diamond"
    },
    {
      "predicate": {
        "custom_model_data": 311024
      },
      "model": "tooltrims:item/trims/bow_charge_emerald"
    },
    {
      "predicate": {
        "custom_model_data": 311024,
        "pulling": 1
      },
      "model": "tooltrims:item/trims/bow_pulling_0_charge_emerald"
    },
    {
      "predicate": {
        "custom_model_data": 311024,
        "pulling": 1,
        "pull": 0.65
      },
      "model": "tooltrims:item/trims/bow_pulling_1_charge_emerald"
    },
    {
      "predicate": {
        "custom_model_data": 311024,
        "pulling": 1,
        "pull": 0.9
      },
      "model": "tooltrims:item/trims/bow_pulling_2_charge_emerald"
    },
    {
      "predicate": {
        "custom_model_data": 311025
      },
      "model": "tooltrims:item/trims/bow_charge_gold"
    },
    {
      "predicate": {
        "custom_model_data": 311025,
        "pulling": 1
      },
      "model": "tooltrims:item/trims/bow_pulling_0_charge_gold"
    },
    {
      "predicate": {
        "custom_model_data": 311025,
        "pulling": 1,
        "pull": 0.65
      },
      "model": "tooltrims:item/trims/bow_pulling_1_charge_gold"
    },
    {
      "predicate": {
        "custom_model_data": 311025,
        "pulling": 1,
        "pull": 0.9
      },
      "model": "tooltrims:item/trims/bow_pulling_2_charge_gold"
    },
    {
      "predicate": {
        "custom_model_data": 311026
      },
      "model": "tooltrims:item/trims/bow_charge_iron"
    },
    {
      "predicate": {
        "custom_model_data": 311026,
        "pulling": 1
      },
      "model": "tooltrims:item/trims/bow_pulling_0_charge_iron"
    },
    {
      "predicate": {
        "custom_model_data": 311026,
        "pulling": 1,
        "pull": 0.65
      },
      "model": "tooltrims:item/trims/bow_pulling_1_charge_iron"
    },
    {
      "predicate": {
        "custom_model_data": 311026,
        "pulling": 1,
        "pull": 0.9
      },
      "model": "tooltrims:item/trims/bow_pulling_2_charge_iron"
    },
    {
      "predicate": {
        "custom_model_data": 311027
      },
      "model": "tooltrims:item/trims/bow_charge_lapis"
    },
    {
      "predicate": {
        "custom_model_data": 311027,
        "pulling": 1
      },
      "model": "tooltrims:item/trims/bow_pulling_0_charge_lapis"
    },
    {
      "predicate": {
        "custom_model_data": 311027,
        "pulling": 1,
        "pull": 0.65
      },
      "model": "tooltrims:item/trims/bow_pulling_1_charge_lapis"
    },
    {
      "predicate": {
        "custom_model_data": 311027,
        "pulling": 1,
        "pull": 0.9
      },
      "model": "tooltrims:item/trims/bow_pulling_2_charge_lapis"
    },
    {
      "predicate": {
        "custom_model_data": 311028
      },
      "model": "tooltrims:item/trims/bow_charge_netherite"
    },
    {
      "predicate": {
        "custom_model_data": 311028,
        "pulling": 1
      },
      "model": "tooltrims:item/trims/bow_pulling_0_charge_netherite"
    },
    {
      "predicate": {
        "custom_model_data": 311028,
        "pulling": 1,
        "pull": 0.65
      },
      "model": "tooltrims:item/trims/bow_pulling_1_charge_netherite"
    },
    {
      "predicate": {
        "custom_model_data": 311028,
        "pulling": 1,
        "pull": 0.9
      },
      "model": "tooltrims:item/trims/bow_pulling_2_charge_netherite"
    },
    {
      "predicate": {
        "custom_model_data": 311029
      },
      "model": "tooltrims:item/trims/bow_charge_quartz"
    },
    {
      "predicate": {
        "custom_model_data": 311029,
        "pulling": 1
      },
      "model": "tooltrims:item/trims/bow_pulling_0_charge_quartz"
    },
    {
      "predicate": {
        "custom_model_data": 311029,
        "pulling": 1,
        "pull": 0.65
      },
      "model": "tooltrims:item/trims/bow_pulling_1_charge_quartz"
    },
    {
      "predicate": {
        "custom_model_data": 311029,
        "pulling": 1,
        "pull": 0.9
      },
      "model": "tooltrims:item/trims/bow_pulling_2_charge_quartz"
    },
    {
      "predicate": {
        "custom_model_data": 311030
      },
      "model": "tooltrims:item/trims/bow_charge_redstone"
    },
    {
      "predicate": {
        "custom_model_data": 311030,
        "pulling": 1
      },
      "model": "tooltrims:item/trims/bow_pulling_0_charge_redstone"
    },
    {
      "predicate": {
        "custom_model_data": 311030,
        "pulling": 1,
        "pull": 0.65
      },
      "model": "tooltrims:item/trims/bow_pulling_1_charge_redstone"
    },
    {
      "predicate": {
        "custom_model_data": 311030,
        "pulling": 1,
        "pull": 0.9
      },
      "model": "tooltrims:item/trims/bow_pulling_2_charge_redstone"
    },
    {
      "predicate": {
        "custom_model_data": 311031
      },
      "model": "tooltrims:item/trims/bow_frost_amethyst"
    },
    {
      "predicate": {
        "custom_model_data": 311031,
        "pulling": 1
      },
      "model": "tooltrims:item/trims/bow_pulling_0_frost_amethyst"
    },
    {
      "predicate": {
        "custom_model_data": 311031,
        "pulling": 1,
        "pull": 0.65
      },
      "model": "tooltrims:item/trims/bow_pulling_1_frost_amethyst"
    },
    {
      "predicate": {
        "custom_model_data": 311031,
        "pulling": 1,
        "pull": 0.9
      },
      "model": "tooltrims:item/trims/bow_pulling_2_frost_amethyst"
    },
    {
      "predicate": {
        "custom_model_data": 311032
      },
      "model": "tooltrims:item/trims/bow_frost_copper"
    },
    {
      "predicate": {
        "custom_model_data": 311032,
        "pulling": 1
      },
      "model": "tooltrims:item/trims/bow_pulling_0_frost_copper"
    },
    {
      "predicate": {
        "custom_model_data": 311032,
        "pulling": 1,
        "pull": 0.65
      },
      "model": "tooltrims:item/trims/bow_pulling_1_frost_copper"
    },
    {
      "predicate": {
        "custom_model_data": 311032,
        "pulling": 1,
        "pull": 0.9
      },
      "model": "tooltrims:item/trims/bow_pulling_2_frost_copper"
    },
    {
      "predicate": {
        "custom_model_data": 311033
      },
      "model": "tooltrims:item/trims/bow_frost_diamond"
    },
    {
      "predicate": {
        "custom_model_data": 311033,
        "pulling": 1
      },
      "model": "tooltrims:item/trims/bow_pulling_0_frost_diamond"
    },
    {
      "predicate": {
        "custom_model_data": 311033,
        "pulling": 1,
        "pull": 0.65
      },
      "model": "tooltrims:item/trims/bow_pulling_1_frost_diamond"
    },
    {
      "predicate": {
        "custom_model_data": 311033,
        "pulling": 1,
        "pull": 0.9
      },
      "model": "tooltrims:item/trims/bow_pulling_2_frost_diamond"
    },
    {
      "predicate": {
        "custom_model_data": 311034
      },
      "model": "tooltrims:item/trims/bow_frost_emerald"
    },
    {
      "predicate": {
        "custom_model_data": 311034,
        "pulling": 1
      },
      "model": "tooltrims:item/trims/bow_pulling_0_frost_emerald"
    },
    {
      "predicate": {
        "custom_model_data": 311034,
        "pulling": 1,
        "pull": 0.65
      },
      "model": "tooltrims:item/trims/bow_pulling_1_frost_emerald"
    },
    {
      "predicate": {
        "custom_model_data": 311034,
        "pulling": 1,
        "pull": 0.9
      },
      "model": "tooltrims:item/trims/bow_pulling_2_frost_emerald"
    },
    {
      "predicate": {
        "custom_model_data": 311035
      },
      "model": "tooltrims:item/trims/bow_frost_gold"
    },
    {
      "predicate": {
        "custom_model_data": 311035,
        "pulling": 1
      },
      "model": "tooltrims:item/trims/bow_pulling_0_frost_gold"
    },
    {
      "predicate": {
        "custom_model_data": 311035,
        "pulling": 1,
        "pull": 0.65
      },
      "model": "tooltrims:item/trims/bow_pulling_1_frost_gold"
    },
    {
      "predicate": {
        "custom_model_data": 311035,
        "pulling": 1,
        "pull": 0.9
      },
      "model": "tooltrims:item/trims/bow_pulling_2_frost_gold"
    },
    {
      "predicate": {
        "custom_model_data": 311036
      },
      "model": "tooltrims:item/trims/bow_frost_iron"
    },
    {
      "predicate": {
        "custom_model_data": 311036,
        "pulling": 1
      },
      "model": "tooltrims:item/trims/bow_pulling_0_frost_iron"
    },
    {
      "predicate": {
        "custom_model_data": 311036,
        "pulling": 1,
        "pull": 0.65
      },
      "model": "tooltrims:item/trims/bow_pulling_1_frost_iron"
    },
    {
      "predicate": {
        "custom_model_data": 311036,
        "pulling": 1,
        "pull": 0.9
      },
      "model": "tooltrims:item/trims/bow_pulling_2_frost_iron"
    },
    {
      "predicate": {
        "custom_model_data": 311037
      },
      "model": "tooltrims:item/trims/bow_frost_lapis"
    },
    {
      "predicate": {
        "custom_model_data": 311037,
        "pulling": 1
      },
      "model": "tooltrims:item/trims/bow_pulling_0_frost_lapis"
    },
    {
      "predicate": {
        "custom_model_data": 311037,
        "pulling": 1,
        "pull": 0.65
      },
      "model": "tooltrims:item/trims/bow_pulling_1_frost_lapis"
    },
    {
      "predicate": {
        "custom_model_data": 311037,
        "pulling": 1,
        "pull": 0.9
      },
      "model": "tooltrims:item/trims/bow_pulling_2_frost_lapis"
    },
    {
      "predicate": {
        "custom_model_data": 311038
      },
      "model": "tooltrims:item/trims/bow_frost_netherite"
    },
    {
      "predicate": {
        "custom_model_data": 311038,
        "pulling": 1
      },
      "model": "tooltrims:item/trims/bow_pulling_0_frost_netherite"
    },
    {
      "predicate": {
        "custom_model_data": 311038,
        "pulling": 1,
        "pull": 0.65
      },
      "model": "tooltrims:item/trims/bow_pulling_1_frost_netherite"
    },
    {
      "predicate": {
        "custom_model_data": 311038,
        "pulling": 1,
        "pull": 0.9
      },
      "model": "tooltrims:item/trims/bow_pulling_2_frost_netherite"
    },
    {
      "predicate": {
        "custom_model_data": 311039
      },
      "model": "tooltrims:item/trims/bow_frost_quartz"
    },
    {
      "predicate": {
        "custom_model_data": 311039,
        "pulling": 1
      },
      "model": "tooltrims:item/trims/bow_pulling_0_frost_quartz"
    },
    {
      "predicate": {
        "custom_model_data": 311039,
        "pulling": 1,
        "pull": 0.65
      },
      "model": "tooltrims:item/trims/bow_pulling_1_frost_quartz"
    },
    {
      "predicate": {
        "custom_model_data": 311039,
        "pulling": 1,
        "pull": 0.9
      },
      "model": "tooltrims:item/trims/bow_pulling_2_frost_quartz"
    },
    {
      "predicate": {
        "custom_model_data": 311040
      },
      "model": "tooltrims:item/trims/bow_frost_redstone"
    },
    {
      "predicate": {
        "custom_model_data": 311040,
        "pulling": 1
      },
      "model": "tooltrims:item/trims/bow_pulling_0_frost_redstone"
    },
    {
      "predicate": {
        "custom_model_data": 311040,
        "pulling": 1,
        "pull": 0.65
      },
      "model": "tooltrims:item/trims/bow_pulling_1_frost_redstone"
    },
    {
      "predicate": {
        "custom_model_data": 311040,
        "pulling": 1,
        "pull": 0.9
      },
      "model": "tooltrims:item/trims/bow_pulling_2_frost_redstone"
    }
  ]
}
