{
  "parent": "item/generated",
  "textures": {
    "layer0": "item/disc_fragment_5"
  },
  "overrides": [
    {
      "predicate": {
        "custom_model_data": 1
      },
      "model": "item/fragment_streambeatsoriginalswhatiffeatfuslietwofivesixkbpscbrone"
    },
    {
      "predicate": {
        "custom_model_data": 2
      },
      "model": "item/fragment_cottagegrovetwofivesixkbpscbrunknownartisttwo"
    },
    {
      "predicate": {
        "custom_model_data": 3
      },
      "model": "item/fragment_vintagecrowntwofivesixkbpscbrunknownartistthree"
    },
    {
      "predicate": {
        "custom_model_data": 4
      },
      "model": "item/fragment_retrofuturismtwofivesixkbpscbrunknownartistfour"
    },
    {
      "predicate": {
        "custom_model_data": 5
      },
      "model": "item/fragment_joostkleineuropapalivenetherlandsnlsecondsemifinaleurovisiontwozerotwofourtwofivesixkbpscbrfive"
    }
  ]
}